商品名,価格,画像URL,商品URL
AR+CHR1000枚セット【詰め合わせ】{-},298000円,https://www.cardrush-pokemon.jp/res/layout003/img/layout_photo.gif,https://www.cardrush-pokemon.jp/product/64805
-,0,,
パラス【AR】{207/172},980円,https://www.cardrush-pokemon.jp/res/layout003/img/layout_photo.gif,https://www.cardrush-pokemon.jp/product/38387
-,0,,
AR+CHR1000枚セット【詰め合わせ】{-},298000円,https://www.cardrush-pokemon.jp/res/layout003/img/layout_photo.gif,https://www.cardrush-pokemon.jp/product/64805
-,0,,
〔状態A-〕オクタン【CHR】{191/184},380円,https://www.cardrush-pokemon.jp/res/layout003/img/layout_photo.gif,https://www.cardrush-pokemon.jp/product/33008
-,0,,
ピーニャ【SAR】{096/071},980円,https://www.cardrush-pokemon.jp/res/layout003/img/layout_photo.gif,https://www.cardrush-pokemon.jp/product/41830
-,0,,
チルタリスex【SAR】{090/066},6980円,https://www.cardrush-pokemon.jp/res/layout003/img/layout_photo.gif,https://www.cardrush-pokemon.jp/product/49682
-,0,,
≪業務用≫SR以上2000枚セット【詰め合わせ】{-},628000円,https://www.cardrush-pokemon.jp/res/layout003/img/layout_photo.gif,https://www.cardrush-pokemon.jp/product/59894
-,0,,
キクコ【SR】{081/070},580円,https://www.cardrush-pokemon.jp/res/layout003/img/layout_photo.gif,https://www.cardrush-pokemon.jp/product/20178
-,0,,
マリィ【HR】{072/060},9980円,https://www.cardrush-pokemon.jp/res/layout003/img/layout_photo.gif,https://www.cardrush-pokemon.jp/product/7044
-,0,,
アローラナッシーGX【HR】{059/050},2580円,https://www.cardrush-pokemon.jp/res/layout003/img/layout_photo.gif,https://www.cardrush-pokemon.jp/product/180
-,0,,
